artifact_id,stage,artifact_type,required_for_submission,required_for_supplement,journal_requirement,template_path,project_path,manuscript_section_or_supplement_label,file_format,source_standard,source_locator,dependency_artifacts,owner,reviewer_a,reviewer_b,status,content_status,qc_status,sha256,approval_date,release_group,release_note
protocol,protocol,protocol,yes,no,Protocol/registration disclosure,data/templates/review_protocol_template.json,review_protocol.json,Methods—protocol and registration,JSON,Cochrane Handbook / registered protocol,Cochrane chapter set and registered protocol,,,,,planned,not_started,not_started,,,methods,
search_strategy_supplement,search,supplement_search_strategy,yes,yes,Supplementary search strategies,data/templates/search_strategy_supplement_template.csv,reporting/supplementary/search_strategy_supplement.csv,Supplement 1—full search strategies,CSV,PRISMA-S items 1–16; PRISMA 2020 items 6–7,Database interface history; exact line-by-line strategy,,,,,planned,not_started,not_started,,,search,
search_strategy_rendered_appendix,search,supplement_search_strategy_rendered,yes,yes,Supplementary search strategies,data/templates/search_strategy_supplement_template.md,reporting/supplementary/search_strategy_supplement.md,Supplement 1—full search strategies,Markdown/PDF-ready,PRISMA-S item 8,"Rendered source blocks, exact strategy lines, and release rules",search_strategy_supplement,,,,planned,not_started,not_started,,,search,
prisma_2020_checklist,reporting,reporting_checklist,yes,yes,PRISMA 2020 checklist,data/templates/prisma_2020_checklist_template.csv,reporting/supplementary/prisma_2020_checklist.csv,Reporting checklist,CSV,PRISMA 2020,Item-level checklist with manuscript locations and evidence artifacts,,,,,planned,not_started,not_started,,,reporting,
prisma_2020_abstract_checklist,reporting,reporting_abstract_checklist,yes,yes,PRISMA 2020 for Abstracts,data/templates/prisma_2020_abstract_checklist_template.csv,reporting/supplementary/prisma_2020_abstract_checklist.csv,Abstract—reporting checklist,CSV,PRISMA 2020 for Abstracts,Abstract item-level checklist,,,,,planned,not_started,not_started,,,reporting,
prisma_s_checklist,reporting,reporting_checklist,yes,yes,PRISMA-S checklist,data/templates/prisma_s_checklist_template.csv,reporting/supplementary/prisma_s_checklist.csv,Reporting checklist,CSV,PRISMA-S 2021,16-item checklist with search evidence artifacts,search_strategy_supplement,,,,planned,not_started,not_started,,,search,
prisma_flow,deduplication,supplement_prisma_flow,yes,yes,PRISMA 2020 flow diagram,,figures/Figure1_PRISMA_2020_Flow_Diagram.pdf,Figure 1 / flow diagram,PDF,PRISMA 2020 item 16a,Approved flow ledger and PRISMA counts,,,,,planned,not_started,not_started,,,results,
screening_manifest,title_abstract_screening,supplement_screening,yes,yes,Screening decisions,data/templates/title_abstract_screening_manifest_template.json,screening/title_abstract_screening_manifest.json,Supplementary screening log,JSON,"PRISMA 2020 items 8, 16",Paired screening decisions and exclusions,,,,,planned,not_started,not_started,,,screening,
full_text_retrieval,fulltext_retrieval,supplement_full_text_retrieval,yes,yes,Full-text retrieval audit,data/templates/full_text_retrieval_manifest_template.json,screening/full_text_retrieval_manifest.json,Supplementary retrieval log,JSON,"PRISMA 2020 items 6, 7, 16b",Zotero item and attachment provenance,,,,,planned,not_started,not_started,,,retrieval,
data_extraction,data_extraction,supplement_data_extraction,yes,yes,Data extraction table,data/templates/data_extraction_template.csv,data/data_extraction_template.csv,Supplementary extraction table,CSV,"PRISMA 2020 items 9–10, 17, 19",Report/page/table/figure locators,,,,,planned,not_started,not_started,,,extraction,
risk_of_bias,risk_of_bias,supplement_risk_of_bias,yes,yes,Risk-of-bias table,data/templates/risk_of_bias_supplement_template.csv,reporting/supplementary/risk_of_bias_supplement.csv,Supplementary risk-of-bias table,CSV,"PRISMA 2020 items 11, 18",Outcome-level domain judgments and support,,,,,planned,not_started,not_started,,,bias,
analysis_manifest,synthesis,analysis_methods,yes,no,Analysis reproducibility record,data/templates/analysis_manifest_template.json,verification/analysis_manifest.json,Methods—analysis and code,JSON,"PRISMA 2020 items 12–14, 27",Locked R runtime and estimands,,,,,planned,not_started,not_started,,,analysis,
synthesis_results,synthesis,supplement_synthesis_results,yes,yes,Results tables,data/templates/synthesis_results_supplement_template.csv,reporting/supplementary/synthesis_results_supplement.csv,Supplementary synthesis results,CSV,PRISMA 2020 items 19–22,Study-level results and model outputs,,,,,planned,not_started,not_started,,,results,
certainty,certainty,supplement_certainty,yes,yes,Certainty assessment,data/templates/certainty_supplement_template.csv,reporting/supplementary/certainty_supplement.csv,Supplementary certainty table,CSV,GRADE/CINeMA; PRISMA 2020 item 22,GRADE or CINeMA rationale,,,,,planned,not_started,not_started,,,certainty,
manuscript,reporting,manuscript,yes,no,Main manuscript,data/templates/manuscript_template.md,reporting/manuscript.md,Main manuscript,Markdown/Word,PRISMA 2020; journal instructions,PRISMA 2020-complete manuscript aligned to approved results,,,,,planned,not_started,not_started,,,manuscript,
cover_letter,reporting,cover_letter,yes,no,Cover letter,data/templates/cover_letter_template.md,reporting/cover_letter.md,Submission metadata,Markdown/Word,Journal author instructions,Journal-specific submission letter,,,,,planned,not_started,not_started,,,submission,
reproducibility_readme,reporting,reproducibility_readme,yes,no,Reproducibility statement,data/templates/reproducibility_readme_template.md,reporting/reproducibility_readme.md,Data/code availability,Markdown,PRISMA 2020 item 27,Run instructions and artifact inventory,,,,,planned,not_started,not_started,,,archive,
